"plasmid","qseqid","sseqid","pident","length_match","mismatch","gapopen","qstart","qend","sstart","send","evalue","bitscore","sgi","stitle","strand","locus","gene","product","ref_gene_size"
"SRR6227128-NZ_LLBE01000024","contig_1","LT671859.1",100,843,0,0,1,843,1916781,1917623,0,1557,0,"LT671859.1 S_aureus isolate Clinical isolate genome assembly","minus","EDCC5055_01818/EDCC5055_01819/EDCC5055_01820/EDCC5055_01821/EDCC5055_01822/EDCC5055_01823/EDCC5055_01824/EDCC5055_01825","not_available","hypothetical protein/gene/tRNA-Leu/gene/tRNA-Gly/gene/tRNA-Leu/gene/tRNA-Lys/gene/tRNA-Thr/gene/tRNA-Val/gene/5S ribosomal RNA/gene/23S ribosomal RNA","2794437/89/89/75/75/84/84/76/76/76/76/76/76/114/114/2921/2921"
"SRR6227128-NZ_LLBE01000024","contig_1","LT598688.1",100,843,0,0,1,843,1957611,1958453,0,1557,0,"LT598688.1 Staphylococcus aureus isolate Sa_Newman_UoM genome assembly","minus","intergenic","-","-","-"
"SRR6227128-NZ_LLBE01000024","contig_1","CP017680.1",100,843,0,0,1,843,1887847,1888689,0,1557,0,"CP017680.1 Staphylococcus aureus strain CFSAN007851 chromosome","minus","AB454_09325/AB454_09330/AB454_09335/AB454_09340/AB454_09345/AB454_09350/AB454_09355/AB454_09360","rrf/rrf","chromosomal replication initiation protein DnaA/gene/tRNA-Leu/gene/tRNA-Gly/gene/tRNA-Leu/gene/tRNA-Lys/gene/tRNA-Thr/gene/tRNA-Val/gene/5S ribosomal RNA/gene/23S ribosomal RNA","2748822/89/89/75/75/82/82/76/76/76/76/76/76/115/115/2926/2926"
"SRR6227128-NZ_LLBE01000024","contig_1","CP023500.1",100,843,0,0,1,843,1637884,1638726,0,1557,0,"CP023500.1 Staphylococcus aureus strain FDAARGOS_412 chromosome","minus","CO684_08485/CO684_08490/CO684_08495/CO684_08500/CO684_08505/CO684_08510/CO684_08515/CO684_08520","rrf/rrf","region/gene/tRNA-Leu/gene/tRNA-Gly/gene/tRNA-Leu/gene/tRNA-Lys/gene/tRNA-Thr/gene/tRNA-Val/gene/5S ribosomal RNA/gene/23S ribosomal RNA","2769588/89/89/75/75/82/82/76/76/76/76/76/76/115/115/2925/2925"
"SRR6227128-NZ_LLBE01000024","contig_1","AP014921.1",100,843,0,0,1,843,1924834,1925676,0,1557,0,"AP014921.1 Staphylococcus aureus DNA","minus","JSA_tRNA44/JSA_tRNA45/JSA_tRNA46/JSA_tRNA47/JSA_tRNA48/JSA_tRNA49/JSA_5SrRNA05/JSA_23SrRNA04","not_available","region/gene/tRNA-Leu/gene/tRNA-Gly/gene/tRNA-Leu/gene/tRNA-Lys/gene/tRNA-Thr/gene/tRNA-Val/gene/5S ribosomal RNA/gene/23S ribosomal RNA","2808921/89/89/75/75/82/82/76/76/76/76/76/76/114/114/2921/2921"
"SRR6227128-NZ_LLBE01000024","contig_2","LT699704.1",100,487,0,0,1,487,1958645,1959131,0,900,0,"LT699704.1 Staphylococcus aureus strain NZ15MR0322 genome assembly","minus","intergenic","-","-","-"
"SRR6227128-NZ_LLBE01000024","contig_2","LT598688.1",100,487,0,0,1,487,1956991,1957477,0,900,0,"LT598688.1 Staphylococcus aureus isolate Sa_Newman_UoM genome assembly","minus","intergenic","-","-","-"
"SRR6227128-NZ_LLBE01000024","contig_2","LT009690.1",100,487,0,0,1,487,1954376,1954862,0,900,0,"LT009690.1 Staphylococcus aureus strain NZAK3 genome assembly","minus","intergenic","-","-","-"
"SRR6227128-NZ_LLBE01000024","contig_2","LN854556.1",100,487,0,0,1,487,1915306,1915792,0,900,0,"LN854556.1 Staphylococcus aureus strain BB155 genome assembly","minus","SABB155_tRNA00410/SABB155_tRNA00420/SABB155_tRNA00430/SABB155_tRNA00440/SABB155_tRNA00450/SABB155_tRNA00460","not_available","region/gene/tRNA-Ser/gene/tRNA-Met/gene/tRNA-Met/gene/tRNA-Ala/gene/tRNA-Pro/gene/tRNA-Arg","2778079/92/92/74/74/75/75/76/76/74/74/76/76"
"SRR6227128-NZ_LLBE01000024","contig_2","CP017677.1",100,487,0,0,1,487,1865873,1866359,0,900,0,"CP017677.1 Staphylococcus aureus strain CFSAN007894 chromosome","minus","AB466_09155/AB466_09160/AB466_09165/AB466_09170/AB466_09175/AB466_09180","not_available","chromosomal replication initiation protein DnaA/gene/tRNA-Ser/gene/tRNA-Met/gene/tRNA-Met/gene/tRNA-Ala/gene/tRNA-Pro/gene/tRNA-Arg","2730395/90/90/74/74/77/77/76/76/74/74/74/74"
"SRR6227128-NZ_LLBE01000024","contig_3","LT699704.1",100,72,0,0,1,72,23717,23788,1.04e-30,134,0,"LT699704.1 Staphylococcus aureus strain NZ15MR0322 genome assembly","plus","not_available","not_available","not_available","not_available"
"SRR6227128-NZ_LLBE01000024","contig_3","LT699704.1",100,72,0,0,1,72,1924861,1924932,1.04e-30,134,0,"LT699704.1 Staphylococcus aureus strain NZ15MR0322 genome assembly","minus","intergenic","-","-","-"
"SRR6227128-NZ_LLBE01000024","contig_3","LT699704.1",100,72,0,0,1,72,1958258,1958329,1.04e-30,134,0,"LT699704.1 Staphylococcus aureus strain NZ15MR0322 genome assembly","minus","intergenic","-","-","-"
"SRR6227128-NZ_LLBE01000024","contig_3","LT699704.1",100,72,0,0,1,72,1958562,1958633,1.04e-30,134,0,"LT699704.1 Staphylococcus aureus strain NZ15MR0322 genome assembly","minus","intergenic","-","-","-"
"SRR6227128-NZ_LLBE01000024","contig_3","LT671859.1",100,72,0,0,1,72,23718,23789,1.04e-30,134,0,"LT671859.1 S_aureus isolate Clinical isolate genome assembly","plus","EDCC5055_00021","not_available","hypothetical protein/gene/tRNA-Asp/hypothetical protein","2794437/73/73/27437"
"SRR6227128-NZ_LLBE01000024","contig_3","LT671859.1",100,72,0,0,1,72,1880907,1880978,1.04e-30,134,0,"LT671859.1 S_aureus isolate Clinical isolate genome assembly","minus","EDCC5055_01765","not_available","hypothetical protein/gene/tRNA-Asp","2794437/76/76"
"SRR6227128-NZ_LLBE01000024","contig_3","LT671859.1",100,72,0,0,1,72,1915774,1915845,1.04e-30,134,0,"LT671859.1 S_aureus isolate Clinical isolate genome assembly","minus","EDCC5055_01808","not_available","hypothetical protein/gene/tRNA-Asp","2794437/76/76"
"SRR6227128-NZ_LLBE01000024","contig_3","LT671859.1",100,72,0,0,1,72,1916078,1916149,1.04e-30,134,0,"LT671859.1 S_aureus isolate Clinical isolate genome assembly","minus","EDCC5055_01811","not_available","hypothetical protein/gene/tRNA-Asp","2794437/76/76"
"SRR6227128-NZ_LLBE01000024","contig_3","LT615218.1",100,72,0,0,1,72,23719,23790,1.04e-30,134,0,"LT615218.1 Staphylococcus aureus strain AUS0325 genome assembly","plus","intergenic","-","-","-"
"SRR6227128-NZ_LLBE01000024","contig_3","LT615218.1",100,72,0,0,1,72,1865010,1865081,1.04e-30,134,0,"LT615218.1 Staphylococcus aureus strain AUS0325 genome assembly","minus","intergenic","-","-","-"
"SRR6227128-NZ_LLBE01000024","contig_3","LT615218.1",100,72,0,0,1,72,1898364,1898435,1.04e-30,134,0,"LT615218.1 Staphylococcus aureus strain AUS0325 genome assembly","minus","intergenic","-","-","-"
"SRR6227128-NZ_LLBE01000024","contig_3","LT615218.1",100,72,0,0,1,72,1898668,1898739,1.04e-30,134,0,"LT615218.1 Staphylococcus aureus strain AUS0325 genome assembly","minus","intergenic","-","-","-"
"SRR6227128-NZ_LLBE01000024","contig_3","LT598688.1",100,72,0,0,1,72,24234,24305,1.04e-30,134,0,"LT598688.1 Staphylococcus aureus isolate Sa_Newman_UoM genome assembly","plus","intergenic","-","-","-"
"SRR6227128-NZ_LLBE01000024","contig_3","LT598688.1",100,72,0,0,1,72,1921736,1921807,1.04e-30,134,0,"LT598688.1 Staphylococcus aureus isolate Sa_Newman_UoM genome assembly","minus","intergenic","-","-","-"
"SRR6227128-NZ_LLBE01000024","contig_3","LT598688.1",100,72,0,0,1,72,1956604,1956675,1.04e-30,134,0,"LT598688.1 Staphylococcus aureus isolate Sa_Newman_UoM genome assembly","minus","intergenic","-","-","-"
"SRR6227128-NZ_LLBE01000024","contig_3","LT598688.1",100,72,0,0,1,72,1956908,1956979,1.04e-30,134,0,"LT598688.1 Staphylococcus aureus isolate Sa_Newman_UoM genome assembly","minus","intergenic","-","-","-"
"SRR6227128-NZ_LLBE01000024","contig_3","LT009690.1",100,72,0,0,1,72,23727,23798,1.04e-30,134,0,"LT009690.1 Staphylococcus aureus strain NZAK3 genome assembly","plus","not_available","not_available","not_available","not_available"
"SRR6227128-NZ_LLBE01000024","contig_3","LT009690.1",100,72,0,0,1,72,1919139,1919210,1.04e-30,134,0,"LT009690.1 Staphylococcus aureus strain NZAK3 genome assembly","minus","intergenic","-","-","-"
"SRR6227128-NZ_LLBE01000024","contig_3","LT009690.1",100,72,0,0,1,72,1953977,1954048,1.04e-30,134,0,"LT009690.1 Staphylococcus aureus strain NZAK3 genome assembly","minus","intergenic","-","-","-"
"SRR6227128-NZ_LLBE01000024","contig_3","LT009690.1",100,72,0,0,1,72,1954293,1954364,1.04e-30,134,0,"LT009690.1 Staphylococcus aureus strain NZAK3 genome assembly","minus","intergenic","-","-","-"
"SRR6227128-NZ_LLBE01000024","contig_4","LT699704.1",100,213,0,0,1,213,1958249,1958461,1.72e-108,394,0,"LT699704.1 Staphylococcus aureus strain NZ15MR0322 genome assembly","minus","intergenic","-","-","-"
"SRR6227128-NZ_LLBE01000024","contig_4","LT671859.1",100,213,0,0,1,213,1915765,1915977,1.72e-108,394,0,"LT671859.1 S_aureus isolate Clinical isolate genome assembly","minus","EDCC5055_01808/EDCC5055_01809/EDCC5055_01810","not_available","hypothetical protein/gene/tRNA-Asp/gene/tRNA-Met/gene/tRNA-Ser","2794437/76/76/76/76/93/93"
"SRR6227128-NZ_LLBE01000024","contig_4","LT615218.1",100,213,0,0,1,213,1898355,1898567,1.72e-108,394,0,"LT615218.1 Staphylococcus aureus strain AUS0325 genome assembly","minus","intergenic","-","-","-"
"SRR6227128-NZ_LLBE01000024","contig_4","LT598688.1",100,213,0,0,1,213,1956595,1956807,1.72e-108,394,0,"LT598688.1 Staphylococcus aureus isolate Sa_Newman_UoM genome assembly","minus","intergenic","-","-","-"
"SRR6227128-NZ_LLBE01000024","contig_4","CP017679.1",100,213,0,0,1,213,1919602,1919814,1.72e-108,394,0,"CP017679.1 Staphylococcus aureus strain CFSAN007883 chromosome","minus","AB478_09450/AB478_09455/AB478_09460","not_available","chromosomal replication initiation protein DnaA/gene/tRNA-Asp/gene/tRNA-Met/gene/tRNA-Ser","2758960/76/76/74/74/93/93"
"SRR6227128-NZ_LLBE01000024","contig_5","LT699704.1",100,80,0,0,1,80,1958162,1958241,4.34e-35,148,0,"LT699704.1 Staphylococcus aureus strain NZ15MR0322 genome assembly","minus","intergenic","-","-","-"
"SRR6227128-NZ_LLBE01000024","contig_5","LT671859.1",100,80,0,0,1,80,1915678,1915757,4.34e-35,148,0,"LT671859.1 S_aureus isolate Clinical isolate genome assembly","minus","EDCC5055_01807","not_available","hypothetical protein/gene/tRNA-Phe","2794437/75/75"
"SRR6227128-NZ_LLBE01000024","contig_5","LT615218.1",100,80,0,0,1,80,1898268,1898347,4.34e-35,148,0,"LT615218.1 Staphylococcus aureus strain AUS0325 genome assembly","minus","intergenic","-","-","-"
"SRR6227128-NZ_LLBE01000024","contig_5","LT598688.1",100,80,0,0,1,80,1956508,1956587,4.34e-35,148,0,"LT598688.1 Staphylococcus aureus isolate Sa_Newman_UoM genome assembly","minus","intergenic","-","-","-"
"SRR6227128-NZ_LLBE01000024","contig_5","LT009690.1",100,80,0,0,1,80,1953881,1953960,4.34e-35,148,0,"LT009690.1 Staphylococcus aureus strain NZAK3 genome assembly","minus","intergenic","-","-","-"
"SRR6227128-NZ_LLBE01000024","contig_6","LT699704.1",100,261,0,0,1,261,1957831,1958091,4.47e-135,483,0,"LT699704.1 Staphylococcus aureus strain NZ15MR0322 genome assembly","minus","intergenic","-","-","-"
"SRR6227128-NZ_LLBE01000024","contig_6","LT671859.1",100,261,0,0,1,261,1915346,1915606,4.47e-135,483,0,"LT671859.1 S_aureus isolate Clinical isolate genome assembly","minus","EDCC5055_01803/EDCC5055_01804/EDCC5055_01805/EDCC5055_01806","not_available","hypothetical protein/gene/tRNA-His/gene/tRNA-Trp/gene/tRNA-Tyr/gene/tRNA-Thr","2794437/74/74/74/74/83/83/76/76"
"SRR6227128-NZ_LLBE01000024","contig_6","LT615218.1",100,261,0,0,1,261,1897936,1898196,4.47e-135,483,0,"LT615218.1 Staphylococcus aureus strain AUS0325 genome assembly","minus","intergenic","-","-","-"
"SRR6227128-NZ_LLBE01000024","contig_6","LT598688.1",100,261,0,0,1,261,1956176,1956436,4.47e-135,483,0,"LT598688.1 Staphylococcus aureus isolate Sa_Newman_UoM genome assembly","minus","intergenic","-","-","-"
"SRR6227128-NZ_LLBE01000024","contig_6","LT009690.1",100,261,0,0,1,261,1953549,1953809,4.47e-135,483,0,"LT009690.1 Staphylococcus aureus strain NZAK3 genome assembly","minus","intergenic","-","-","-"
"SRR6227128-NZ_LLBE01000024","contig_7","LT699704.1",100,72,0,0,1,72,1957749,1957820,1.04e-30,134,0,"LT699704.1 Staphylococcus aureus strain NZ15MR0322 genome assembly","minus","intergenic","-","-","-"
"SRR6227128-NZ_LLBE01000024","contig_7","LT699704.1",100,72,0,0,1,72,2226590,2226661,1.04e-30,134,0,"LT699704.1 Staphylococcus aureus strain NZ15MR0322 genome assembly","minus","intergenic","-","-","-"
"SRR6227128-NZ_LLBE01000024","contig_7","LT671859.1",100,72,0,0,1,72,1915264,1915335,1.04e-30,134,0,"LT671859.1 S_aureus isolate Clinical isolate genome assembly","minus","EDCC5055_01802","not_available","hypothetical protein/gene/tRNA-Gln","2794437/72/72"
"SRR6227128-NZ_LLBE01000024","contig_7","LT671859.1",100,72,0,0,1,72,2213170,2213241,1.04e-30,134,0,"LT671859.1 S_aureus isolate Clinical isolate genome assembly","minus","EDCC5055_02136","not_available","hypothetical protein/gene/tRNA-Gln","2794437/75/75"
"SRR6227128-NZ_LLBE01000024","contig_7","LT615218.1",100,72,0,0,1,72,1897854,1897925,1.04e-30,134,0,"LT615218.1 Staphylococcus aureus strain AUS0325 genome assembly","minus","intergenic","-","-","-"
"SRR6227128-NZ_LLBE01000024","contig_7","LT615218.1",100,72,0,0,1,72,2188147,2188218,1.04e-30,134,0,"LT615218.1 Staphylococcus aureus strain AUS0325 genome assembly","minus","intergenic","-","-","-"
"SRR6227128-NZ_LLBE01000024","contig_7","LT598688.1",100,72,0,0,1,72,1956094,1956165,1.04e-30,134,0,"LT598688.1 Staphylococcus aureus isolate Sa_Newman_UoM genome assembly","minus","intergenic","-","-","-"
"SRR6227128-NZ_LLBE01000024","contig_7","LT598688.1",100,72,0,0,1,72,2296440,2296511,1.04e-30,134,0,"LT598688.1 Staphylococcus aureus isolate Sa_Newman_UoM genome assembly","minus","intergenic","-","-","-"
"SRR6227128-NZ_LLBE01000024","contig_7","LT009690.1",100,72,0,0,1,72,1953467,1953538,1.04e-30,134,0,"LT009690.1 Staphylococcus aureus strain NZAK3 genome assembly","minus","intergenic","-","-","-"
"SRR6227128-NZ_LLBE01000024","contig_7","LT009690.1",100,72,0,0,1,72,2253810,2253881,1.04e-30,134,0,"LT009690.1 Staphylococcus aureus strain NZAK3 genome assembly","minus","intergenic","-","-","-"
"SRR6227128-NZ_LLBE01000024","contig_8","LT699704.1",100,162,0,0,1,162,1957568,1957729,2.8e-80,300,0,"LT699704.1 Staphylococcus aureus strain NZ15MR0322 genome assembly","minus","intergenic","-","-","-"
"SRR6227128-NZ_LLBE01000024","contig_8","LT671859.1",100,162,0,0,1,162,1915083,1915244,2.8e-80,300,0,"LT671859.1 S_aureus isolate Clinical isolate genome assembly","minus","EDCC5055_01799/EDCC5055_01800/EDCC5055_01801","not_available","hypothetical protein/gene/tRNA-Gly/gene/tRNA-Gly/gene/tRNA-Cys","2794437/75/75/75/75/74/74"
"SRR6227128-NZ_LLBE01000024","contig_8","LT615218.1",100,162,0,0,1,162,1897673,1897834,2.8e-80,300,0,"LT615218.1 Staphylococcus aureus strain AUS0325 genome assembly","minus","intergenic","-","-","-"
"SRR6227128-NZ_LLBE01000024","contig_8","LT598688.1",100,162,0,0,1,162,1955913,1956074,2.8e-80,300,0,"LT598688.1 Staphylococcus aureus isolate Sa_Newman_UoM genome assembly","minus","intergenic","-","-","-"
"SRR6227128-NZ_LLBE01000024","contig_8","LT009690.1",100,162,0,0,1,162,1953286,1953447,2.8e-80,300,0,"LT009690.1 Staphylococcus aureus strain NZAK3 genome assembly","minus","intergenic","-","-","-"
"SRR6227128-NZ_LLBE01000024","contig_9","LT671859.1",100,268,0,0,1,268,1914742,1915009,5.89e-139,496,0,"LT671859.1 S_aureus isolate Clinical isolate genome assembly","minus","EDCC5055_01797/EDCC5055_01798","not_available","hypothetical protein/gene/tRNA-Leu/gene/tRNA-Gly","2794437/84/84/75/75"
"SRR6227128-NZ_LLBE01000024","contig_9","LT615218.1",100,268,0,0,1,268,1897332,1897599,5.89e-139,496,0,"LT615218.1 Staphylococcus aureus strain AUS0325 genome assembly","minus","intergenic","-","-","-"
"SRR6227128-NZ_LLBE01000024","contig_9","LT598688.1",100,268,0,0,1,268,1955572,1955839,5.89e-139,496,0,"LT598688.1 Staphylococcus aureus isolate Sa_Newman_UoM genome assembly","minus","intergenic","-","-","-"
"SRR6227128-NZ_LLBE01000024","contig_9","LT009690.1",100,268,0,0,1,268,1952945,1953212,5.89e-139,496,0,"LT009690.1 Staphylococcus aureus strain NZAK3 genome assembly","minus","intergenic","-","-","-"
"SRR6227128-NZ_LLBE01000024","contig_9","CP017677.1",100,268,0,0,1,268,1864442,1864709,5.89e-139,496,0,"CP017677.1 Staphylococcus aureus strain CFSAN007894 chromosome","minus","AB466_09090","not_available","chromosomal replication initiation protein DnaA/gene/tRNA-Leu","2730395/84/84"
"SRR6227128-NZ_LLBE01000030","contig_1","LT699704.1",97.101,69,1,1,1,68,63934,64002,1.89e-25,117,0,"LT699704.1 Staphylococcus aureus strain NZ15MR0322 genome assembly","plus","intergenic","-","-","-"
"SRR6227128-NZ_LLBE01000031","contig_1","CP015645.1",96.42,2374,22,10,1,2370,1076750,1079064,0,3855,0,"CP015645.1 Staphylococcus aureus strain 08-02119","plus","A7P66_05565/A7P66_05570","not_available","region/hypothetical protein/replication protein","2796894/234/928"
"SRR6227128-NZ_LLBE01000031","contig_1","BX571856.1",94.913,2064,63,12,297,2357,748376,750400,0,3192,0,"BX571856.1 S_aureus strain MRSA252","minus","SAR0710/SAR0711/SAR0711/SAR0713","not_available","region/hypothetical protein/putative replication initiation protein (pseudogene)/putative replication initiation protein (pseudogene)/putative replication protein (fragment)","2902619/117/3/946/186"
"SRR6227128-NZ_LLBE01000031","contig_1","CP017684.1",93.75,2064,64,12,297,2357,699431,701432,0,3037,0,"CP017684.1 Staphylococcus aureus strain CFSAN007847 chromosome","minus","AB520_03365","not_available","chromosomal replication initiation protein DnaA/replication protein","2857060/908"
"SRR6227128-NZ_LLBE01000031","contig_1","CP009554.1",93.75,2064,64,12,297,2357,701231,703232,0,3037,0,"CP009554.1 S_aureus strain FORC_001","minus","FORC1_0607/FORC1_0608/FORC1_0609","not_available","region/Replication protein/Replication protein/hypothetical protein","2886017/486/426/171"
"SRR6227128-NZ_LLBE01000031","contig_1","AJ938182.1",90.789,912,73,11,297,1203,1416890,1417795,0,1208,0,"AJ938182.1 Staphylococcus aureus RF122 complete genome","minus","SAB1294/SAB1295","not_available","region/gene/hypothetical protein","2742531/165/180"
"SRR6227128-NZ_LLBE01000031","contig_2","CP015645.1",99.053,950,7,2,1,949,1079077,1080025,0,1703,0,"CP015645.1 Staphylococcus aureus strain 08-02119","plus","A7P66_05575","not_available","region/replication-associated protein","2796894/745"
"SRR6227128-NZ_LLBE01000031","contig_2","CP017684.1",99.53,851,4,0,107,957,698588,699438,0,1550,0,"CP017684.1 Staphylococcus aureus strain CFSAN007847 chromosome","minus","AB520_03360","not_available","chromosomal replication initiation protein DnaA/replication-associated protein","2857060/744"
"SRR6227128-NZ_LLBE01000031","contig_2","CP009554.1",99.53,851,4,0,107,957,700388,701238,0,1550,0,"CP009554.1 S_aureus strain FORC_001","minus","FORC1_0606","not_available","region/Replication-associated protein","2886017/744"
"SRR6227128-NZ_LLBE01000031","contig_2","BX571856.1",99.412,851,4,1,107,957,747534,748383,0,1543,0,"BX571856.1 S_aureus strain MRSA252","minus","SAR0707","not_available","region/putative replication-associated protein (pseudogene)","2902619/743"
"SRR6227128-NZ_LLBE01000031","contig_2","CP012756.1",98.78,82,1,0,943,1024,1450131,1450212,2.83e-33,147,0,"CP012756.1 S_aureus strain JS395","minus","intergenic","-","-","-"
"SRR6227128-NZ_LLBE01000031","contig_3","CP002120.1",100,165,0,0,1,165,2118061,2118225,6.15e-82,305,0,"CP002120.1 S_aureus str. JKD6008","plus","SAA6008_01999","not_available","chromosomal replication initiator protein DnaA/recombinase/resolvase","2924344/609"
"SRR6227128-NZ_LLBE01000031","contig_3","CP019595.1",91.463,164,14,0,2,165,325612,325775,4.92e-58,226,0,"CP019595.1 Staphylococcus aureus strain GD1677","plus","BZK09_01500","not_available","region/transposon DNA-invertase","2813235/609"
"SRR6227128-NZ_LLBE01000031","contig_4","CP017090.1",96.402,4252,152,1,1,4251,2149885,2154136,0,7003,0,"CP017090.1 Staphylococcus aureus strain ISU935","plus","A2V17_10850/A2V17_10855/A2V17_10860/A2V17_10865","not_available","region/transposon DNA-invertase/penicillinase repressor BlaI/BlaR1 family beta-lactam sensor/signal transducer/BlaZ family class A beta-lactamase","2861508/594/381/1758/846"
"SRR6227128-NZ_LLBE01000031","contig_4","CP013621.1",96.402,4252,152,1,1,4251,1048202,1052453,0,7003,0,"CP013621.1 Staphylococcus aureus strain RIVM3897","plus","AUC50_05040/AUC50_05045/AUC50_05050/AUC50_05055","not_available","region/transposon DNA-invertase/CopY family transcriptional regulator/beta-lactam sensor/signal transducer BlaR1/BlaZ family class A beta-lactamase","2894543/594/381/1758/846"
"SRR6227128-NZ_LLBE01000031","contig_4","CP007499.1",96.714,4200,138,0,1,4200,67340,71539,0,6992,0,"CP007499.1 Staphylococcus aureus strain 2395 USA500","minus","CH51_00285/CH51_00290/CH51_00295/CH51_00300/CH51_00305","not_available","region/pyridine nucleotide-disulfide oxidoreductase/beta-lactamase/beta-lactamase/CopY family transcriptional regulator/transposon DNA-invertase BinR","2955646/648/846/1758/381/594"
"SRR6227128-NZ_LLBE01000031","contig_4","CP003194.1",96.714,4200,138,0,1,4200,48606,52805,0,6992,0,"CP003194.1 S_aureus 11819-97","plus","MS7_0042/MS7_0043/MS7_0044/MS7_0045","not_available","region/DNA-invertase hin/methicillin resistance regulatory protein mecI/regulatory protein BlaR1/beta-lactamase","2846546/594/381/1758/846"
"SRR6227128-NZ_LLBE01000031","contig_4","LT615218.1",96.714,4200,137,1,1,4200,2636980,2641178,0,6990,0,"LT615218.1 Staphylococcus aureus strain AUS0325 genome assembly","minus","intergenic","-","-","-"
"SRR6227128-NZ_LLBE01000033","contig_1","CP012015.1",99.82,5541,8,2,1,5541,2384972,2390510,0,10176,0,"CP012015.1 S_aureus strain Gv51","plus","SAGV51_03174/SAGV51_03173/SAGV51_04068/SAGV51_04059/SAGV51_04062","not_available","region/gene/tRNA-Gln/gene/tRNA-Tyr/gene/5S ribosomal RNA/gene/23S ribosomal RNA/gene/16S ribosomal RNA","2987124/75/75/84/84/114/114/2921/2921/1545/1545"
"SRR6227128-NZ_LLBE01000033","contig_1","FR821779.1",99.747,5135,10,2,437,5568,529742,534876,0,9407,0,"FR821779.1 S_aureus LGA251 complete genome sequence","minus","not_available","16S rRNA/16S rRNA/tRNA_21/tRNA_21/23S rRNA/23S rRNA/5S rRNA/5S rRNA","region/gene/rRNA/gene/tRNA/gene/rRNA/gene/rRNA","2750834/1555/1555/74/74/2923/2923/115/115"
"SRR6227128-NZ_LLBE01000033","contig_1","BA000033.2",99.747,5135,9,3,437,5568,540834,545967,0,9407,0,"BA000033.2 S_aureus MW2 DNA","minus","not_available","MWrRNA08/MWrRNA08/MWtRNA12/MWtRNA12/MWrRNA09/MWrRNA09/MWrRNA10/MWrRNA10","region/gene/16S ribosomal RNA/gene/tRNA-Ile/gene/23S ribosomal RNA/gene/5S ribosomal RNA","2820462/1555/1555/77/77/2834/2834/115/115"
"SRR6227128-NZ_LLBE01000033","contig_1","AP014921.1",99.727,5136,8,5,437,5568,541729,546862,0,9402,0,"AP014921.1 Staphylococcus aureus DNA","minus","JSA_16SrRNA03/JSA_tRNA11/JSA_23SrRNA03/JSA_5SrRNA04","not_available","region/gene/16S ribosomal RNA/gene/tRNA-Ile/gene/23S ribosomal RNA/gene/5S ribosomal RNA","2808921/1555/1555/77/77/2921/2921/114/114"
"SRR6227128-NZ_LLBE01000033","contig_1","LT598688.1",99.902,5106,4,1,437,5541,546934,552039,0,9400,0,"LT598688.1 Staphylococcus aureus isolate Sa_Newman_UoM genome assembly","minus","intergenic","-","-","-"
"SRR6227128-NZ_LLBE01000034","contig_1","CP019595.1",84.425,565,56,21,403,945,336050,336604,1.93e-147,527,0,"CP019595.1 Staphylococcus aureus strain GD1677","plus","intergenic","-","-","-"
"SRR6227128-NZ_LLBE01000034","contig_1","CP019591.1",89.918,367,33,3,570,932,1797175,1797541,3.3e-130,470,0,"CP019591.1 Staphylococcus aureus strain 293G","plus","intergenic","-","-","-"
"SRR6227128-NZ_LLBE01000034","contig_1","CP012756.1",97.802,273,4,2,81,351,1447346,1447618,3.3e-130,470,0,"CP012756.1 S_aureus strain JS395","plus","ACH32_07465","hypothetical protein","region/pseudogene","2846866/384"
"SRR6227128-NZ_LLBE01000034","contig_1","CP009554.1",97.802,273,4,2,81,351,686595,686867,3.3e-130,470,0,"CP009554.1 S_aureus strain FORC_001","plus","intergenic","-","-","-"
"SRR6227128-NZ_LLBE01000034","contig_1","BX571856.1",97.802,273,4,2,81,351,735404,735676,3.3e-130,470,0,"BX571856.1 S_aureus strain MRSA252","plus","intergenic","-","-","-"
"SRR6227128-NZ_LLBE01000049","contig_1","CP017684.1",96.471,85,3,0,1,85,700878,700962,7.92e-33,141,0,"CP017684.1 Staphylococcus aureus strain CFSAN007847 chromosome","plus","not_available","not_available","not_available","not_available"
"SRR6227128-NZ_LLBE01000049","contig_1","CP009554.1",96.471,85,3,0,1,85,702678,702762,7.92e-33,141,0,"CP009554.1 S_aureus strain FORC_001","plus","FORC1_0609","not_available","region/hypothetical protein","2886017/171"
"SRR6227128-NZ_LLBE01000049","contig_1","BX571856.1",96.471,85,3,0,1,85,749846,749930,7.92e-33,141,0,"BX571856.1 S_aureus strain MRSA252","plus","SAR0713","not_available","region/putative replication protein (fragment)","2902619/186"
"SRR6227128-NZ_LLBE01000049","contig_1","CP015645.1",95.294,85,4,0,1,85,1077519,1077603,3.68e-31,135,0,"CP015645.1 Staphylococcus aureus strain 08-02119","minus","A7P66_05565","not_available","region/hypothetical protein","2796894/234"
"SRR6227128-NZ_LLBE01000049","contig_1","CP012756.1",92.941,85,6,0,1,85,1428107,1428191,7.98e-28,124,0,"CP012756.1 S_aureus strain JS395","plus","ACH32_07390","not_available","region/protein rep","2846866/180"
"SRR6227128-NZ_LLBE01000049","contig_2","AJ938182.1",95.745,141,6,0,1,141,1417394,1417534,1.13e-58,228,0,"AJ938182.1 Staphylococcus aureus RF122 complete genome","plus","intergenic","-","-","-"
"SRR6227128-NZ_LLBE01000049","contig_2","CP015645.1",91.489,141,12,0,1,141,1077308,1077448,1.15e-48,195,0,"CP015645.1 Staphylococcus aureus strain 08-02119","minus","intergenic","-","-","-"
"SRR6227128-NZ_LLBE01000049","contig_2","CP017684.1",78.102,137,28,2,1,136,701033,701168,7.21e-16,86.1,0,"CP017684.1 Staphylococcus aureus strain CFSAN007847 chromosome","plus","not_available","not_available","not_available","not_available"
"SRR6227128-NZ_LLBE01000049","contig_2","CP009554.1",78.102,137,28,2,1,136,702833,702968,7.21e-16,86.1,0,"CP009554.1 S_aureus strain FORC_001","plus","intergenic","-","-","-"
"SRR6227128-NZ_LLBE01000049","contig_2","BX571856.1",78.102,137,28,2,1,136,750001,750136,7.21e-16,86.1,0,"BX571856.1 S_aureus strain MRSA252","plus","intergenic","-","-","-"
"SRR6227128-NZ_LLBE01000049","contig_3","CP017684.1",91.87,123,10,0,1,123,701175,701297,2.12e-45,183,0,"CP017684.1 Staphylococcus aureus strain CFSAN007847 chromosome","plus","not_available","not_available","not_available","not_available"
"SRR6227128-NZ_LLBE01000049","contig_3","CP009554.1",91.87,123,10,0,1,123,702975,703097,2.12e-45,183,0,"CP009554.1 S_aureus strain FORC_001","plus","intergenic","-","-","-"
"SRR6227128-NZ_LLBE01000049","contig_3","BX571856.1",91.87,123,10,0,1,123,750143,750265,2.12e-45,183,0,"BX571856.1 S_aureus strain MRSA252","plus","intergenic","-","-","-"
"SRR6227128-NZ_LLBE01000049","contig_3","AJ938182.1",91.057,123,11,0,1,123,1417536,1417658,9.86e-44,178,0,"AJ938182.1 Staphylococcus aureus RF122 complete genome","plus","intergenic","-","-","-"
"SRR6227128-NZ_LLBE01000049","contig_3","CP015645.1",93.458,107,7,0,1,107,1082758,1082864,7.68e-40,165,0,"CP015645.1 Staphylococcus aureus strain 08-02119","minus","intergenic","-","-","-"
"SRR6227128-NZ_LLBE01000049","contig_4","CP012756.1",93.59,156,10,0,1,156,1429109,1429264,7.6e-66,252,0,"CP012756.1 S_aureus strain JS395","plus","intergenic","-","-","-"
"SRR6227128-NZ_LLBE01000049","contig_4","CP019591.1",92.949,156,11,0,1,156,1801047,1801202,3.54e-64,246,0,"CP019591.1 Staphylococcus aureus strain 293G","minus","intergenic","-","-","-"
"SRR6227128-NZ_LLBE01000049","contig_4","CP015645.1",92.949,156,11,0,1,156,1076677,1076832,3.54e-64,246,0,"CP015645.1 Staphylococcus aureus strain 08-02119","minus","intergenic","-","-","-"
"SRR6227128-NZ_LLBE01000049","contig_4","CP015645.1",92.949,156,11,0,1,156,1081487,1081642,3.54e-64,246,0,"CP015645.1 Staphylococcus aureus strain 08-02119","plus","intergenic","-","-","-"
"SRR6227128-NZ_LLBE01000049","contig_4","CP017684.1",89.103,156,17,0,1,156,701677,701832,3.59e-54,213,0,"CP017684.1 Staphylococcus aureus strain CFSAN007847 chromosome","plus","not_available","not_available","not_available","not_available"
"SRR6227128-NZ_LLBE01000049","contig_4","CP009554.1",89.103,156,17,0,1,156,703477,703632,3.59e-54,213,0,"CP009554.1 S_aureus strain FORC_001","plus","intergenic","-","-","-"
"SRR6227128-NZ_LLBF01000015","contig_1","CP015645.1",98.491,2054,30,1,1,2054,1096511,1098563,0,3620,0,"CP015645.1 Staphylococcus aureus strain 08-02119","minus","A7P66_05640/A7P66_05645","not_available","region/beta-lactam sensor/signal transducer BlaR1/penicillin-hydrolyzing class A beta-lactamase","2796894/1757/846"
"SRR6227128-NZ_LLBF01000015","contig_1","CP003194.1",97.821,2065,33,2,2,2054,50741,52805,0,3554,0,"CP003194.1 S_aureus 11819-97","minus","MS7_0044/MS7_0045","not_available","region/regulatory protein BlaR1/beta-lactamase","2846546/1758/846"
"SRR6227128-NZ_LLBF01000015","contig_1","BX571856.1",97,2067,48,4,1,2054,1912909,1914974,0,3461,0,"BX571856.1 S_aureus strain MRSA252","minus","SAR1830/SAR1831/SAR1832","blaR1/blaZ","region/beta-lactamase regulatory protein/beta-lactamase precursor/repeat_region/hypothetical protein","2902619/1758/846/16/117"
"SRR6227128-NZ_LLBF01000015","contig_1","CP017090.1",96.904,2067,50,4,1,2054,2152020,2154085,0,3450,0,"CP017090.1 Staphylococcus aureus strain ISU935","minus","A2V17_10860/A2V17_10865","not_available","region/BlaR1 family beta-lactam sensor/signal transducer/BlaZ family class A beta-lactamase","2861508/1758/846"
"SRR6227128-NZ_LLBF01000015","contig_1","CP017091.1",96.902,2066,50,4,2,2054,1019464,1021528,0,3448,0,"CP017091.1 S_aureus strain ISU926","plus","A2U18_04900/A2U18_04905","not_available","region/BlaZ family class A beta-lactamase/BlaR1 family beta-lactam sensor/signal transducer","2833430/846/1758"
"SRR6227128-NZ_LLBF01000015","contig_2","CP010526.1",99.858,1413,2,0,1,1413,1456768,1458180,0,2599,0,"CP010526.1 S_aureus ST772-MRSA-V strain DAR4145","minus","RU53_1406/RU53_1407","blaR1","region/transcriptional repressor/beta-lactamase regulatory protein","2860508/381/1281"
"SRR6227128-NZ_LLBF01000015","contig_2","CP003194.1",99.646,1413,5,0,1,1413,49312,50724,0,2582,0,"CP003194.1 S_aureus 11819-97","minus","MS7_0043/MS7_0044","not_available","region/methicillin resistance regulatory protein mecI/regulatory protein BlaR1","2846546/381/1758"
"SRR6227128-NZ_LLBF01000015","contig_2","CP015645.1",98.938,1413,15,0,1,1413,1095082,1096494,0,2527,0,"CP015645.1 Staphylococcus aureus strain 08-02119","minus","A7P66_05635/A7P66_05640","not_available","region/penicillinase repressor BlaI/beta-lactam sensor/signal transducer BlaR1","2796894/381/1757"
"SRR6227128-NZ_LLBF01000015","contig_2","LT615218.1",97.948,1413,29,0,1,1413,2639060,2640472,0,2449,0,"LT615218.1 Staphylococcus aureus strain AUS0325 genome assembly","plus","intergenic","-","-","-"
"SRR6227128-NZ_LLBF01000015","contig_2","CP017684.1",97.948,1413,29,0,1,1413,1807572,1808984,0,2449,0,"CP017684.1 Staphylococcus aureus strain CFSAN007847 chromosome","minus","AB520_08750/AB520_08755","not_available","chromosomal replication initiation protein DnaA/penicillinase repressor BlaI/BlaR1 family beta-lactam sensor/signal transducer","2857060/381/1758"
"SRR6227128-NZ_LLBF01000015","contig_3","CP006838.1",96.386,83,3,0,1,83,2822085,2822167,9.9e-32,137,0,"CP006838.1 S_aureus Z172","minus","SAZ172_2687","not_available","region/DNA-invertase","2987966/594"
"SRR6227128-NZ_LLBF01000015","contig_3","CP010526.1",95.181,83,4,0,1,83,1456580,1456662,4.61e-30,132,0,"CP010526.1 S_aureus ST772-MRSA-V strain DAR4145","minus","RU53_1405","not_available","region/hypothetical protein","2860508/594"
"SRR6227128-NZ_LLBF01000015","contig_3","CP002643.1",95.181,83,4,0,1,83,2723644,2723726,4.61e-30,132,0,"CP002643.1 S_aureus T0131","minus","SAT0131_02800","not_available","region/Resolvase","2913900/594"
"SRR6227128-NZ_LLBF01000015","contig_3","CP002120.1",95.181,83,4,0,1,83,2758908,2758990,4.61e-30,132,0,"CP002120.1 S_aureus str. JKD6008","minus","SAA6008_02626","binL","chromosomal replication initiator protein DnaA/Resolvase%2C N-terminal domain protein","2924344/594"
"SRR6227128-NZ_LLBF01000015","contig_3","CP017090.1",95.122,82,4,0,2,83,1777468,1777549,1.66e-29,130,0,"CP017090.1 Staphylococcus aureus strain ISU935","minus","A2V17_08860","not_available","region/transposon DNA-invertase","2861508/594"
"SRR6227128-NZ_LLBF01000015","contig_4","LT615218.1",95.858,169,7,0,3,171,2640696,2640864,1.81e-72,274,0,"LT615218.1 Staphylococcus aureus strain AUS0325 genome assembly","plus","intergenic","-","-","-"
"SRR6227128-NZ_LLBF01000015","contig_4","CP007499.1",95.858,169,7,0,3,171,71057,71225,1.81e-72,274,0,"CP007499.1 Staphylococcus aureus strain 2395 USA500","plus","CH51_00305","not_available","region/transposon DNA-invertase BinR","2955646/594"
"SRR6227128-NZ_LLBF01000015","contig_4","CP017090.1",94.675,169,9,0,3,171,1777264,1777432,3.92e-69,263,0,"CP017090.1 Staphylococcus aureus strain ISU935","minus","A2V17_08860","not_available","region/transposon DNA-invertase","2861508/594"
"SRR6227128-NZ_LLBF01000015","contig_4","CP013621.1",94.675,169,9,0,3,171,227736,227904,3.92e-69,263,0,"CP013621.1 Staphylococcus aureus strain RIVM3897","plus","AUC50_01030","not_available","region/transposon DNA-invertase","2894543/594"
"SRR6227128-NZ_LLBF01000015","contig_4","CP019945.1",94.675,169,9,0,3,171,122628,122796,3.92e-69,263,0,"CP019945.1 Staphylococcus aureus strain BA01611","minus","intergenic","-","-","-"
"SRR6227128-NZ_LLBF01000015","contig_4","CP019945.1",94.675,169,9,0,3,171,2765366,2765534,3.92e-69,263,0,"CP019945.1 Staphylococcus aureus strain BA01611","plus","intergenic","-","-","-"
"SRR6227128-NZ_LLBF01000015","contig_5","CP006838.1",97.458,236,6,0,1,236,2821632,2821867,3.2e-111,403,0,"CP006838.1 S_aureus Z172","minus","SAZ172_2687","not_available","region/DNA-invertase","2987966/594"
"SRR6227128-NZ_LLBF01000015","contig_5","CP019595.1",96.61,236,8,0,1,236,326268,326503,6.93e-108,392,0,"CP019595.1 Staphylococcus aureus strain GD1677","minus","BZK09_01505","not_available","region/transposon DNA-invertase","2813235/579"
"SRR6227128-NZ_LLBF01000015","contig_5","CP015645.1",96.61,236,8,0,1,236,1094441,1094676,6.93e-108,392,0,"CP015645.1 Staphylococcus aureus strain 08-02119","minus","A7P66_05630","not_available","region/transposon DNA-invertase","2796894/579"
"SRR6227128-NZ_LLBF01000015","contig_5","CP017684.1",92.797,236,17,0,1,236,705158,705393,7.08e-93,342,0,"CP017684.1 Staphylococcus aureus strain CFSAN007847 chromosome","minus","AB520_03385","not_available","chromosomal replication initiation protein DnaA/transposon DNA-invertase","2857060/576"
"SRR6227128-NZ_LLBF01000015","contig_5","CP017684.1",92.797,236,17,0,1,236,1806931,1807166,7.08e-93,342,0,"CP017684.1 Staphylococcus aureus strain CFSAN007847 chromosome","minus","AB520_08745","not_available","chromosomal replication initiation protein DnaA/transposon DNA-invertase","2857060/594"
"SRR6227128-NZ_LLBF01000015","contig_5","CP017091.1",92.797,236,17,0,1,236,1023363,1023598,7.08e-93,342,0,"CP017091.1 S_aureus strain ISU926","plus","A2U18_04915","not_available","region/transposon DNA-invertase","2833430/594"
"SRR6227128-NZ_LLBF01000015","contig_6","CP017684.1",93.077,130,9,0,1,130,686790,686919,1.34e-47,191,0,"CP017684.1 Staphylococcus aureus strain CFSAN007847 chromosome","plus","AB520_03290","not_available","chromosomal replication initiation protein DnaA/hypothetical protein","2857060/390"
"SRR6227128-NZ_LLBF01000015","contig_6","CP013621.1",93.077,130,9,0,1,130,1045368,1045497,1.34e-47,191,0,"CP013621.1 Staphylococcus aureus strain RIVM3897","minus","AUC50_05025","not_available","region/transposon DNA-invertase","2894543/600"
"SRR6227128-NZ_LLBF01000015","contig_6","CP012756.1",93.077,130,9,0,1,130,1447677,1447806,1.34e-47,191,0,"CP012756.1 S_aureus strain JS395","plus","ACH32_07465","hypothetical protein","region/pseudogene","2846866/384"
"SRR6227128-NZ_LLBF01000015","contig_6","CP019945.1",93.077,130,9,0,1,130,148684,148813,1.34e-47,191,0,"CP019945.1 Staphylococcus aureus strain BA01611","plus","intergenic","-","-","-"
"SRR6227128-NZ_LLBF01000015","contig_6","CP009554.1",93.077,130,9,0,1,130,686926,687055,1.34e-47,191,0,"CP009554.1 S_aureus strain FORC_001","plus","FORC1_0591","not_available","region/ATP-binding protein p271","2886017/318"
"SRR6227128-NZ_LLBF01000015","contig_7","AJ938182.1",98.722,1956,24,1,1,1956,1418279,1420233,0,3472,0,"AJ938182.1 Staphylococcus aureus RF122 complete genome","minus","SAB1296c/SAB1297","not_available","region/probable alcohol dehydrogenase/conserved hypothetical protein","2742531/972/420"
"SRR6227128-NZ_LLBF01000015","contig_7","CP017684.1",98.4,250,4,0,1707,1956,702381,702630,2.24e-121,440,0,"CP017684.1 Staphylococcus aureus strain CFSAN007847 chromosome","minus","not_available","not_available","not_available","not_available"
"SRR6227128-NZ_LLBF01000015","contig_7","CP012756.1",98.4,250,4,0,1707,1956,1439353,1439602,2.24e-121,440,0,"CP012756.1 S_aureus strain JS395","minus","intergenic","-","-","-"
"SRR6227128-NZ_LLBF01000015","contig_7","CP009554.1",98.4,250,4,0,1707,1956,704181,704430,2.24e-121,440,0,"CP009554.1 S_aureus strain FORC_001","minus","intergenic","-","-","-"
"SRR6227128-NZ_LLBF01000015","contig_7","BX571856.1",98.4,250,4,0,1707,1956,751349,751598,2.24e-121,440,0,"BX571856.1 S_aureus strain MRSA252","minus","SAR0716","not_available","region/putative membrane protein","2902619/93"
"SRR6227128-NZ_LLBF01000015","contig_8","CP002114.2",93.75,64,3,1,1,64,59801,59863,4.38e-19,95.3,0,"CP002114.2 S_aureus JKD6159","minus","not_available","not_available","not_available","not_available"
"SRR6227128-NZ_LLBF01000015","contig_8","CP019595.1",93.548,62,2,2,3,64,72071,72130,5.66e-18,91.6,0,"CP019595.1 Staphylococcus aureus strain GD1677","minus","intergenic","-","-","-"
"SRR6227128-NZ_LLBF01000015","contig_9","CP015645.1",91.633,251,18,3,1,249,1076953,1077202,2.09e-93,344,0,"CP015645.1 Staphylococcus aureus strain 08-02119","plus","intergenic","-","-","-"
"SRR6227128-NZ_LLBF01000015","contig_9","CP017684.1",86.667,165,19,3,87,249,701277,701440,6.24e-44,180,0,"CP017684.1 Staphylococcus aureus strain CFSAN007847 chromosome","minus","not_available","not_available","not_available","not_available"
"SRR6227128-NZ_LLBF01000015","contig_9","CP009554.1",86.667,165,19,3,87,249,703077,703240,6.24e-44,180,0,"CP009554.1 S_aureus strain FORC_001","minus","intergenic","-","-","-"
"SRR6227128-NZ_LLBF01000015","contig_9","BX571856.1",86.667,165,19,3,87,249,750245,750408,6.24e-44,180,0,"BX571856.1 S_aureus strain MRSA252","minus","intergenic","-","-","-"
"SRR6227128-NZ_LLBF01000015","contig_9","AJ938182.1",84.337,166,23,3,87,249,1417638,1417803,8.13e-38,159,0,"AJ938182.1 Staphylococcus aureus RF122 complete genome","minus","intergenic","-","-","-"
"SRR6227128-NZ_LLBF01000015","contig_10","CP015645.1",95.96,99,4,0,1,99,1082766,1082864,7.5e-39,161,0,"CP015645.1 Staphylococcus aureus strain 08-02119","plus","intergenic","-","-","-"
"SRR6227128-NZ_LLBF01000015","contig_10","AJ938182.1",94.792,96,5,0,4,99,1417536,1417631,1.62e-35,150,0,"AJ938182.1 Staphylococcus aureus RF122 complete genome","minus","intergenic","-","-","-"
"SRR6227128-NZ_LLBF01000015","contig_11","AJ938182.1",94.231,156,9,0,1,156,1417379,1417534,5.92e-62,239,0,"AJ938182.1 Staphylococcus aureus RF122 complete genome","minus","intergenic","-","-","-"
"SRR6227128-NZ_LLBF01000015","contig_12","CP012756.1",93.953,215,11,2,1,214,1428052,1428265,2.3e-87,324,0,"CP012756.1 S_aureus strain JS395","minus","ACH32_07390","not_available","region/protein rep","2846866/180"
"SRR6227128-NZ_LLBF01000015","contig_12","CP017684.1",93.953,215,10,3,1,214,700824,701036,8.26e-87,322,0,"CP017684.1 Staphylococcus aureus strain CFSAN007847 chromosome","minus","not_available","not_available","not_available","not_available"
"SRR6227128-NZ_LLBF01000015","contig_12","CP015645.1",93.953,215,10,3,1,214,1077445,1077657,8.26e-87,322,0,"CP015645.1 Staphylococcus aureus strain 08-02119","plus","A7P66_05565","not_available","region/hypothetical protein","2796894/234"
"SRR6227128-NZ_LLBF01000015","contig_12","CP009554.1",93.953,215,10,3,1,214,702624,702836,8.26e-87,322,0,"CP009554.1 S_aureus strain FORC_001","minus","FORC1_0609","not_available","region/hypothetical protein","2886017/171"
"SRR6227128-NZ_LLBF01000015","contig_12","BX571856.1",93.953,215,10,3,1,214,749792,750004,8.26e-87,322,0,"BX571856.1 S_aureus strain MRSA252","minus","SAR0713","not_available","region/putative replication protein (fragment)","2902619/186"
"SRR6227128-NZ_LLBF01000015","contig_13","CP017684.1",94.304,158,8,1,1,158,700660,700816,1.67e-62,241,0,"CP017684.1 Staphylococcus aureus strain CFSAN007847 chromosome","minus","not_available","not_available","not_available","not_available"
"SRR6227128-NZ_LLBF01000015","contig_13","CP012756.1",94.304,158,8,1,1,158,1427888,1428044,1.67e-62,241,0,"CP012756.1 S_aureus strain JS395","minus","ACH32_07390","not_available","region/protein rep","2846866/180"
"SRR6227128-NZ_LLBF01000015","contig_13","CP009554.1",94.304,158,8,1,1,158,702460,702616,1.67e-62,241,0,"CP009554.1 S_aureus strain FORC_001","minus","FORC1_0609","not_available","region/hypothetical protein","2886017/171"
"SRR6227128-NZ_LLBF01000015","contig_13","BX571856.1",94.304,158,8,1,1,158,749628,749784,1.67e-62,241,0,"BX571856.1 S_aureus strain MRSA252","minus","SAR0713","not_available","region/putative replication protein (fragment)","2902619/186"
"SRR6227128-NZ_LLBF01000015","contig_13","CP015645.1",93.711,159,9,1,1,158,1077665,1077823,2.16e-61,237,0,"CP015645.1 Staphylococcus aureus strain 08-02119","plus","A7P66_05565","not_available","region/hypothetical protein","2796894/234"
"SRR6227128-NZ_LLBF01000015","contig_14","CP017684.1",98.462,65,1,0,1,65,698651,698715,3.28e-25,115,0,"CP017684.1 Staphylococcus aureus strain CFSAN007847 chromosome","plus","AB520_03360","not_available","chromosomal replication initiation protein DnaA/replication-associated protein","2857060/744"
"SRR6227128-NZ_LLBF01000015","contig_14","CP015645.1",98.462,65,1,0,1,65,1079907,1079971,3.28e-25,115,0,"CP015645.1 Staphylococcus aureus strain 08-02119","minus","A7P66_05575","not_available","region/replication-associated protein","2796894/745"
"SRR6227128-NZ_LLBF01000015","contig_14","CP009554.1",98.462,65,1,0,1,65,700451,700515,3.28e-25,115,0,"CP009554.1 S_aureus strain FORC_001","plus","FORC1_0606","not_available","region/Replication-associated protein","2886017/744"
"SRR6227128-NZ_LLBF01000015","contig_14","BX571856.1",98.462,65,1,0,1,65,747597,747661,3.28e-25,115,0,"BX571856.1 S_aureus strain MRSA252","plus","SAR0707","not_available","region/putative replication-associated protein (pseudogene)","2902619/743"
"SRR6227128-NZ_LLBF01000015","contig_15","CP019595.1",90.152,132,13,0,1,132,339753,339884,4.96e-42,172,0,"CP019595.1 Staphylococcus aureus strain GD1677","minus","BZK09_01570","not_available","region/replication-associated protein","2813235/768"
"SRR6227128-NZ_LLBF01000015","contig_15","CP002120.1",90.076,131,13,0,1,131,2108252,2108382,1.78e-41,171,0,"CP002120.1 S_aureus str. JKD6008","minus","SAA6008_01989","not_available","chromosomal replication initiator protein DnaA/putative replication-associated protein","2924344/747"
"SRR6227128-NZ_LLBF01000016","contig_1","CP019590.1",99.893,5627,5,1,190,5816,2298116,2303741,0,10358,0,"CP019590.1 Staphylococcus aureus strain C2406","minus","BJN19_12040/BJN19_12045/BJN19_12050/BJN19_12055/BJN19_12060/BJN19_12065/BJN19_12070/BJN19_12075/BJN19_12080/BJN19_12085","rrf/rrf","region/hypothetical protein/gene/tRNA-Lys/gene/tRNA-Gln/gene/tRNA-Tyr/gene/tRNA-Val/gene/tRNA-Glu/gene/tRNA-Asn/gene/5S ribosomal RNA/gene/23S ribosomal RNA/gene/16S ribosomal RNA","2878854/105/76/76/75/75/84/84/76/76/72/72/75/75/115/115/2926/2926/1557/1557"
"SRR6227128-NZ_LLBF01000016","contig_1","CP020619.1",99.893,5627,5,1,190,5816,2293146,2298771,0,10358,0,"CP020619.1 Staphylococcus aureus strain JE2","minus","B7H15_12005/B7H15_12010/B7H15_12015/B7H15_12020/B7H15_12025/B7H15_12030/B7H15_12035/B7H15_12040/B7H15_12045/B7H15_12050","rrf/rrf","chromosomal replication initiator protein DnaA/hypothetical protein/gene/tRNA-Lys/gene/tRNA-Gln/gene/tRNA-Tyr/gene/tRNA-Val/gene/tRNA-Glu/gene/tRNA-Asn/gene/5S ribosomal RNA/gene/23S ribosomal RNA/gene/16S ribosomal RNA","2874399/105/76/76/75/75/84/84/76/76/72/72/75/75/115/115/2926/2926/1557/1557"
"SRR6227128-NZ_LLBF01000016","contig_1","CP014444.1",99.893,5627,5,1,190,5816,2339192,2344817,0,10358,0,"CP014444.1 Staphylococcus aureus strain USA300-SUR24","minus","AYM37_12040/AYM37_12045/AYM37_12050/AYM37_12055/AYM37_12060/AYM37_12065/AYM37_12070/AYM37_12075/AYM37_12080/AYM37_12085","rrf/rrf","Replication and maintenance protein/hypothetical protein/gene/tRNA-Lys/gene/tRNA-Gln/gene/tRNA-Tyr/gene/tRNA-Val/gene/tRNA-Glu/gene/tRNA-Asn/gene/5S ribosomal RNA/gene/23S ribosomal RNA/gene/16S ribosomal RNA","2919910/105/76/76/75/75/84/84/76/76/72/72/75/75/115/115/2926/2926/1557/1557"
"SRR6227128-NZ_LLBF01000016","contig_1","CP014441.1",99.893,5627,5,1,190,5816,2334731,2340356,0,10358,0,"CP014441.1 Staphylococcus aureus strain USA300-SUR23","minus","AYM36_12005/AYM36_12010/AYM36_12015/AYM36_12020/AYM36_12025/AYM36_12030/AYM36_12035/AYM36_12040/AYM36_12045/AYM36_12050","rrf/rrf","region/hypothetical protein/gene/tRNA-Lys/gene/tRNA-Gln/gene/tRNA-Tyr/gene/tRNA-Val/gene/tRNA-Glu/gene/tRNA-Asn/gene/5S ribosomal RNA/gene/23S ribosomal RNA/gene/16S ribosomal RNA","2915433/105/76/76/75/75/84/84/76/76/72/72/75/75/115/115/2926/2926/1557/1557"
"SRR6227128-NZ_LLBF01000016","contig_1","CP014438.1",99.893,5627,5,1,190,5816,2334731,2340356,0,10358,0,"CP014438.1 Staphylococcus aureus strain USA300-SUR22","minus","AYM35_12005/AYM35_12010/AYM35_12015/AYM35_12020/AYM35_12025/AYM35_12030/AYM35_12035/AYM35_12040/AYM35_12045/AYM35_12050","rrf/rrf","region/hypothetical protein/gene/tRNA-Lys/gene/tRNA-Gln/gene/tRNA-Tyr/gene/tRNA-Val/gene/tRNA-Glu/gene/tRNA-Asn/gene/5S ribosomal RNA/gene/23S ribosomal RNA/gene/16S ribosomal RNA","2915433/105/76/76/75/75/84/84/76/76/72/72/75/75/115/115/2926/2926/1557/1557"
"SRR6227128-NZ_LLBF01000016","contig_2","LT671859.1",100,120,0,0,1,120,1913110,1913229,4.35e-57,222,0,"LT671859.1 S_aureus isolate Clinical isolate genome assembly","minus","not_available","not_available","not_available","not_available"
"SRR6227128-NZ_LLBF01000016","contig_2","LT615218.1",100,120,0,0,1,120,1897099,1897218,4.35e-57,222,0,"LT615218.1 Staphylococcus aureus strain AUS0325 genome assembly","minus","intergenic","-","-","-"
"SRR6227128-NZ_LLBF01000016","contig_2","LT598688.1",100,120,0,0,1,120,1953939,1954058,4.35e-57,222,0,"LT598688.1 Staphylococcus aureus isolate Sa_Newman_UoM genome assembly","minus","intergenic","-","-","-"
"SRR6227128-NZ_LLBF01000016","contig_2","LT009690.1",100,120,0,0,1,120,1951190,1951309,4.35e-57,222,0,"LT009690.1 Staphylococcus aureus strain NZAK3 genome assembly","minus","intergenic","-","-","-"
"SRR6227128-NZ_LLBF01000016","contig_2","CP017677.1",100,120,0,0,1,120,1862689,1862808,4.35e-57,222,0,"CP017677.1 Staphylococcus aureus strain CFSAN007894 chromosome","minus","not_available","not_available","not_available","not_available"
"SRR6227128-NZ_LLBF01000017","contig_1","CP017684.1",98.551,138,2,0,1,138,686472,686609,1.11e-63,244,0,"CP017684.1 Staphylococcus aureus strain CFSAN007847 chromosome","minus","not_available","not_available","not_available","not_available"
"SRR6227128-NZ_LLBF01000017","contig_1","CP012756.1",98.551,138,2,0,1,138,1447359,1447496,1.11e-63,244,0,"CP012756.1 S_aureus strain JS395","minus","intergenic","-","-","-"
"SRR6227128-NZ_LLBF01000017","contig_1","CP009554.1",98.551,138,2,0,1,138,686608,686745,1.11e-63,244,0,"CP009554.1 S_aureus strain FORC_001","minus","intergenic","-","-","-"
"SRR6227128-NZ_LLBF01000017","contig_1","BX571856.1",98.551,138,2,0,1,138,735417,735554,1.11e-63,244,0,"BX571856.1 S_aureus strain MRSA252","minus","intergenic","-","-","-"
"SRR6227128-NZ_LLBF01000017","contig_1","CP019591.1",96.403,139,4,1,1,139,1801069,1801206,1.11e-58,228,0,"CP019591.1 Staphylococcus aureus strain 293G","minus","intergenic","-","-","-"
"SRR6227128-NZ_LLBF01000017","contig_2","CP015645.1",99.259,1215,7,2,23,1236,1075619,1076832,0,2193,0,"CP015645.1 Staphylococcus aureus strain 08-02119","plus","A7P66_05555/A7P66_05560","not_available","region/transcriptional regulator/cadmium transporter","2796894/348/618"
"SRR6227128-NZ_LLBF01000017","contig_2","CP019591.1",93.601,1219,76,2,23,1240,1799989,1801206,0,1818,0,"CP019591.1 Staphylococcus aureus strain 293G","plus","BXP64_08925/BXP64_08930/BXP64_08935","not_available","region/hypothetical protein/transcriptional regulator/cadmium transporter","2745528/270/348/618"
"SRR6227128-NZ_LLBF01000017","contig_2","CP013621.1",92.681,1134,79,4,23,1154,219490,220621,0,1631,0,"CP013621.1 Staphylococcus aureus strain RIVM3897","minus","AUC50_00980/AUC50_00985","not_available","region/cadmium transporter/ArsR family transcriptional regulator","2894543/618/348"
"SRR6227128-NZ_LLBF01000017","contig_2","CP012756.1",97.041,169,4,1,1077,1245,1429100,1429267,2.52e-74,283,0,"CP012756.1 S_aureus strain JS395","minus","intergenic","-","-","-"
"SRR6227128-NZ_LLBF01000017","contig_2","CP017684.1",97.436,156,3,1,1090,1245,686459,686613,9.14e-69,265,0,"CP017684.1 Staphylococcus aureus strain CFSAN007847 chromosome","plus","not_available","not_available","not_available","not_available"
"SRR6227128-NZ_LLBF01000017","contig_3","CP015645.1",93.617,94,3,3,1,94,1082753,1082843,1.18e-31,137,0,"CP015645.1 Staphylococcus aureus strain 08-02119","plus","intergenic","-","-","-"
"SRR6227128-NZ_LLBF01000017","contig_3","CP017684.1",92.553,94,5,2,1,94,701196,701287,1.52e-30,134,0,"CP017684.1 Staphylococcus aureus strain CFSAN007847 chromosome","minus","not_available","not_available","not_available","not_available"
"SRR6227128-NZ_LLBF01000017","contig_3","CP009554.1",92.553,94,5,2,1,94,702996,703087,1.52e-30,134,0,"CP009554.1 S_aureus strain FORC_001","minus","intergenic","-","-","-"
"SRR6227128-NZ_LLBF01000017","contig_3","BX571856.1",92.553,94,5,2,1,94,750164,750255,1.52e-30,134,0,"BX571856.1 S_aureus strain MRSA252","minus","intergenic","-","-","-"
"SRR6227128-NZ_LLBF01000017","contig_3","CP019591.1",95.349,43,2,0,1,43,1797499,1797541,4.36e-11,69.4,0,"CP019591.1 Staphylococcus aureus strain 293G","plus","intergenic","-","-","-"
"SRR6227128-NZ_LLBF01000017","contig_4","CP017684.1",94.495,109,6,0,1,109,700930,701038,5.09e-41,169,0,"CP017684.1 Staphylococcus aureus strain CFSAN007847 chromosome","minus","not_available","not_available","not_available","not_available"
"SRR6227128-NZ_LLBF01000017","contig_4","CP015645.1",94.495,109,6,0,1,109,1077443,1077551,5.09e-41,169,0,"CP015645.1 Staphylococcus aureus strain 08-02119","plus","A7P66_05565","not_available","region/hypothetical protein","2796894/234"
"SRR6227128-NZ_LLBF01000017","contig_4","CP009554.1",94.495,109,6,0,1,109,702730,702838,5.09e-41,169,0,"CP009554.1 S_aureus strain FORC_001","minus","FORC1_0609","not_available","region/hypothetical protein","2886017/171"
"SRR6227128-NZ_LLBF01000017","contig_4","BX571856.1",94.495,109,6,0,1,109,749898,750006,5.09e-41,169,0,"BX571856.1 S_aureus strain MRSA252","minus","SAR0713","not_available","region/putative replication protein (fragment)","2902619/186"
"SRR6227128-NZ_LLBF01000017","contig_4","CP012756.1",94.393,107,6,0,3,109,1428159,1428265,6.58e-40,165,0,"CP012756.1 S_aureus strain JS395","minus","ACH32_07390","not_available","region/protein rep","2846866/180"
"SRR6227128-NZ_LLBF01000017","contig_5","CP015645.1",97.082,377,8,3,1,375,1077547,1077922,6.22e-180,632,0,"CP015645.1 Staphylococcus aureus strain 08-02119","plus","A7P66_05565/A7P66_05570","not_available","region/hypothetical protein/replication protein","2796894/234/928"
"SRR6227128-NZ_LLBF01000017","contig_5","CP017684.1",97.074,376,8,3,1,375,700561,700934,2.24e-179,630,0,"CP017684.1 Staphylococcus aureus strain CFSAN007847 chromosome","minus","AB520_03365","not_available","chromosomal replication initiation protein DnaA/replication protein","2857060/908"
"SRR6227128-NZ_LLBF01000017","contig_5","BX571856.1",97.074,376,8,3,1,375,749529,749902,2.24e-179,630,0,"BX571856.1 S_aureus strain MRSA252","minus","SAR0711/SAR0713","not_available","region/putative replication initiation protein (pseudogene)/putative replication protein (fragment)","2902619/946/186"
"SRR6227128-NZ_LLBF01000017","contig_5","CP009554.1",96.809,376,9,3,1,375,702361,702734,1.04e-177,625,0,"CP009554.1 S_aureus strain FORC_001","minus","FORC1_0608/FORC1_0609","not_available","region/Replication protein/hypothetical protein","2886017/426/171"
"SRR6227128-NZ_LLBF01000017","contig_5","CP012756.1",96.533,375,13,0,1,375,1427789,1428163,1.35e-176,621,0,"CP012756.1 S_aureus strain JS395","minus","ACH32_07385/ACH32_07390","not_available","region/replication protein/protein rep","2846866/516/180"
"SRR6227128-NZ_LLBF01000036","contig_1","CP016861.1",99.843,3190,5,0,1,3190,871735,874924,0,5864,0,"CP016861.1 S_aureus strain 1969.N","minus","A7U52_0896/A7U52_0897/A7U52_0898/A7U52_0899","not_available","chromosomal replication initiator protein DnaA/gene/16S ribosomal RNA/gene/tRNA-Ile/gene/tRNA-Ala/gene/23S ribosomal RNA","2864628/1540/1540/77/77/76/76/2921/2921"
"SRR6227128-NZ_LLBF01000036","contig_1","CP012120.1",99.843,3190,5,0,1,3190,1819085,1822274,0,5864,0,"CP012120.1 S_aureus strain USA300_2014.C02","minus","ACO02_1775/ACO02_1777/ACO02_1778/ACO02_1779","not_available","region/gene/16S ribosomal RNA/gene/tRNA-Ile/gene/tRNA-Ala/gene/23S ribosomal RNA","2864998/1540/1540/77/77/76/76/2921/2921"
"SRR6227128-NZ_LLBF01000036","contig_1","LT598688.1",99.812,3190,6,0,1,3190,1959558,1962747,0,5858,0,"LT598688.1 Staphylococcus aureus isolate Sa_Newman_UoM genome assembly","plus","intergenic","-","-","-"
"SRR6227128-NZ_LLBF01000036","contig_1","CP023500.1",99.812,3190,6,0,1,3190,1639830,1643019,0,5858,0,"CP023500.1 Staphylococcus aureus strain FDAARGOS_412 chromosome","plus","CO684_08520/CO684_08525/CO684_08530/CO684_08535","not_available","region/gene/23S ribosomal RNA/gene/tRNA-Ala/gene/tRNA-Ile/gene/16S ribosomal RNA","2769588/2925/2925/76/76/77/77/1557/1557"
"SRR6227128-NZ_LLBF01000036","contig_1","CP023390.1",99.812,3190,6,0,1,3190,1959558,1962747,0,5858,0,"CP023390.1 S_aureus str. Newman","plus","CNH35_10150/CNH35_10155/CNH35_10160/CNH35_10165","not_available","region/gene/23S ribosomal RNA/gene/tRNA-Ala/gene/tRNA-Ile/gene/16S ribosomal RNA","2878897/2926/2926/76/76/77/77/1557/1557"
